Workbook

Sheet flock performance sheet
A2: BATCH NO | B2: DATE | C2: ī | D2: SHED NO | E2: BIRDS OPENING STOCK | F2: MORTALITY | G2: CULLS | H2: BIRDS CLOSING STOCK | I2: FEED CONSUMPTION | J2: EGG PRODUCTION | K2: EGG BREKAGE | L2: ACTUAL PRODUCTION % | M2: TARGET PRODUCTION | N2: DIFFRENCE IN PRODUCTION | O2: FEED PER BIRD | P2: REMARKS
A3: 21 | B3: 46245 | C3: =(QUOTIENT(ROW()-2,7)+1)&"."&MOD(ROW()-2,7)&" - day "&(MOD(ROW()-2,7)+1) -> 1.1 - day 2 | D3: 1 | E3: 13673 | F3: 5 | G3: 0 | H3: =SUM(E3-F3-G3) -> 13668 | I3: 1620 | J3: 12480 | K3: 0 | L3: =SUM(J3+K3)/H3*100 -> 91.308165 | M3: 93.2 | N3: =SUM(L3-M3) -> -1.8918349 | O3: =SUM(I3/H3)*1000 -> 118.52502 | P3: Auto adjust , - should shown in different colour
A4: 21 | B4: 46246 | C4: =(QUOTIENT(ROW()-2,7)+1)&"."&MOD(ROW()-2,7)&" - day "&(MOD(ROW()-2,7)+1) -> 1.2 - day 3 | D4: chi | E4: 13673 | F4: 4 | G4: 1 | H4: =SUM(E4-F4-G4) -> 13668 | I4: 1122 | J4: 16523 | K4: 0 | L4: =SUM(J4+K4)/H4*100 -> 120.88821 | M4: 93.2 | N4: =SUM(L4-M4) -> 27.688206 | O4: =SUM(I4/H4)*1000 -> 82.089552
B5: 46247 | C5: =(QUOTIENT(ROW()-2,7)+1)&"."&MOD(ROW()-2,7)&" - day "&(MOD(ROW()-2,7)+1) -> 1.3 - day 4 | E5: =H4 -> 13668 | F5: 8 | G5: 2 | H5: =SUM(E5-F5-G5) -> 13658 | I5: 1620 | J5: 13500 | K5: 5 | L5: =SUM(J5+K5)/H5*100 -> 98.879777 | M5: 93.2 | N5: =SUM(L5-M5) -> 5.6797774 | O5: =SUM(I5/H5)*1000 -> 118.6118
B6: 46248 | C6: =(QUOTIENT(ROW()-2,7)+1)&"."&MOD(ROW()-2,7)&" - day "&(MOD(ROW()-2,7)+1) -> 1.4 - day 5 | E6: =H5 -> 13658 | H6: =SUM(E6-F6-G6) -> 13658 | L6: =SUM(J6+K6)/H6*100 -> 0 | M6: 93.2 | N6: =SUM(L6-M6) -> -93.2 | O6: =SUM(I6/H6)*1000 -> 0
B7: 46249 | C7: =(QUOTIENT(ROW()-2,7)+1)&"."&MOD(ROW()-2,7)&" - day "&(MOD(ROW()-2,7)+1) -> 1.5 - day 6 | E7: =H6 -> 13658 | H7: =SUM(E7-F7-G7) -> 13658 | L7: =SUM(J7+K7)/H7*100 -> 0 | M7: 93.2 | N7: =SUM(L7-M7) -> -93.2 | O7: =SUM(I7/H7)*1000 -> 0
B8: 46250 | C8: =(QUOTIENT(ROW()-2,7)+1)&"."&MOD(ROW()-2,7)&" - day "&(MOD(ROW()-2,7)+1) -> 1.6 - day 7 | E8: =H7 -> 13658 | H8: =SUM(E8-F8-G8) -> 13658 | L8: =SUM(J8+K8)/H8*100 -> 0 | M8: 93.2 | N8: =SUM(L8-M8) -> -93.2 | O8: =SUM(I8/H8)*1000 -> 0
B9: 46251 | C9: =(QUOTIENT(ROW()-2,7)+1)&"."&MOD(ROW()-2,7)&" - day "&(MOD(ROW()-2,7)+1) -> 2.0 - day 1 | E9: =H8 -> 13658 | H9: =SUM(E9-F9-G9) -> 13658 | L9: =SUM(J9+K9)/H9*100 -> 0 | M9: 93.2 | N9: =SUM(L9-M9) -> -93.2 | O9: =SUM(I9/H9)*1000 -> 0
B10: 46252 | C10: =(QUOTIENT(ROW()-2,7)+1)&"."&MOD(ROW()-2,7)&" - day "&(MOD(ROW()-2,7)+1) -> 2.1 - day 2 | E10: =H9 -> 13658 | H10: =SUM(E10-F10-G10) -> 13658 | L10: =SUM(J10+K10)/H10*100 -> 0 | M10: 93.2 | N10: =SUM(L10-M10) -> -93.2 | O10: =SUM(I10/H10)*1000 -> 0
B11: 46253 | C11: =(QUOTIENT(ROW()-2,7)+1)&"."&MOD(ROW()-2,7)&" - day "&(MOD(ROW()-2,7)+1) -> 2.2 - day 3 | E11: =H10 -> 13658 | H11: =SUM(E11-F11-G11) -> 13658 | L11: =SUM(J11+K11)/H11*100 -> 0 | M11: 93.2 | N11: =SUM(L11-M11) -> -93.2 | O11: =SUM(I11/H11)*1000 -> 0
B12: 46254 | C12: =(QUOTIENT(ROW()-2,7)+1)&"."&MOD(ROW()-2,7)&" - day "&(MOD(ROW()-2,7)+1) -> 2.3 - day 4 | E12: =H11 -> 13658 | H12: =SUM(E12-F12-G12) -> 13658 | L12: =SUM(J12+K12)/H12*100 -> 0 | M12: 93.2 | N12: =SUM(L12-M12) -> -93.2 | O12: =SUM(I12/H12)*1000 -> 0
B13: 46255 | C13: =(QUOTIENT(ROW()-2,7)+1)&"."&MOD(ROW()-2,7)&" - day "&(MOD(ROW()-2,7)+1) -> 2.4 - day 5 | E13: =H12 -> 13658 | H13: =SUM(E13-F13-G13) -> 13658 | L13: =SUM(J13+K13)/H13*100 -> 0 | M13: 93.2 | N13: =SUM(L13-M13) -> -93.2 | O13: =SUM(I13/H13)*1000 -> 0
B14: 46256 | C14: =(QUOTIENT(ROW()-2,7)+1)&"."&MOD(ROW()-2,7)&" - day "&(MOD(ROW()-2,7)+1) -> 2.5 - day 6 | E14: =H13 -> 13658 | H14: =SUM(E14-F14-G14) -> 13658 | L14: =SUM(J14+K14)/H14*100 -> 0 | M14: 93.2 | N14: =SUM(L14-M14) -> -93.2 | O14: =SUM(I14/H14)*1000 -> 0
B15: 46257 | C15: =(QUOTIENT(ROW()-2,7)+1)&"."&MOD(ROW()-2,7)&" - day "&(MOD(ROW()-2,7)+1) -> 2.6 - day 7 | E15: =H14 -> 13658 | H15: =SUM(E15-F15-G15) -> 13658 | L15: =SUM(J15+K15)/H15*100 -> 0 | M15: 93.2 | N15: =SUM(L15-M15) -> -93.2 | O15: =SUM(I15/H15)*1000 -> 0
B16: 46258 | C16: =(QUOTIENT(ROW()-2,7)+1)&"."&MOD(ROW()-2,7)&" - day "&(MOD(ROW()-2,7)+1) -> 3.0 - day 1 | E16: =H15 -> 13658 | H16: =SUM(E16-F16-G16) -> 13658 | L16: =SUM(J16+K16)/H16*100 -> 0 | M16: 93.2 | N16: =SUM(L16-M16) -> -93.2 | O16: =SUM(I16/H16)*1000 -> 0
B17: 46259 | C17: =(QUOTIENT(ROW()-2,7)+1)&"."&MOD(ROW()-2,7)&" - day "&(MOD(ROW()-2,7)+1) -> 3.1 - day 2 | E17: =H16 -> 13658 | H17: =SUM(E17-F17-G17) -> 13658 | L17: =SUM(J17+K17)/H17*100 -> 0 | M17: 93.2 | N17: =SUM(L17-M17) -> -93.2 | O17: =SUM(I17/H17)*1000 -> 0
... B20: 46262 | C20: =(QUOTIENT(ROW()-2,7)+1)&"."&MOD(ROW()-2,7)&" - day "&(MOD(ROW()-2,7)+1) -> 3.4 - day 5 | E20: =H19 -> 13658 | H20: =SUM(E20-F20-G20) -> 13658 | L20: =SUM(J20+K20)/H20*100 -> 0 | M20: 93.2 | N20: =SUM(L20-M20) -> -93.2 | O20: =SUM(I20/H20)*1000 -> 0
B21: 46263 | C21: =(QUOTIENT(ROW()-2,7)+1)&"."&MOD(ROW()-2,7)&" - day "&(MOD(ROW()-2,7)+1) -> 3.5 - day 6 | E21: =H20 -> 13658 | H21: =SUM(E21-F21-G21) -> 13658 | L21: =SUM(J21+K21)/H21*100 -> 0 | N21: =SUM(L21-M21) -> 0 | O21: =SUM(I21/H21)*1000 -> 0
B22: 46264 | C22: =(QUOTIENT(ROW()-2,7)+1)&"."&MOD(ROW()-2,7)&" - day "&(MOD(ROW()-2,7)+1) -> 3.6 - day 7 | E22: =H21 -> 13658 | H22: =SUM(E22-F22-G22) -> 13658 | L22: =SUM(J22+K22)/H22*100 -> 0 | N22: =SUM(L22-M22) -> 0 | O22: =SUM(I22/H22)*1000 -> 0
B23: 46265 | C23: =(QUOTIENT(ROW()-2,7)+1)&"."&MOD(ROW()-2,7)&" - day "&(MOD(ROW()-2,7)+1) -> 4.0 - day 1 | E23: =H22 -> 13658 | H23: =SUM(E23-F23-G23) -> 13658 | L23: =SUM(J23+K23)/H23*100 -> 0 | N23: =SUM(L23-M23) -> 0 | O23: =SUM(I23/H23)*1000 -> 0
B24: 46266 | C24: =(QUOTIENT(ROW()-2,7)+1)&"."&MOD(ROW()-2,7)&" - day "&(MOD(ROW()-2,7)+1) -> 4.1 - day 2 | E24: =H23 -> 13658 | H24: =SUM(E24-F24-G24) -> 13658 | L24: =SUM(J24+K24)/H24*100 -> 0 | N24: =SUM(L24-M24) -> 0 | O24: =SUM(I24/H24)*1000 -> 0
B25: 46267 | C25: =(QUOTIENT(ROW()-2,7)+1)&"."&MOD(ROW()-2,7)&" - day "&(MOD(ROW()-2,7)+1) -> 4.2 - day 3 | E25: =H24 -> 13658 | H25: =SUM(E25-F25-G25) -> 13658 | L25: =SUM(J25+K25)/H25*100 -> 0 | N25: =SUM(L25-M25) -> 0 | O25: =SUM(I25/H25)*1000 -> 0
B26: 46268 | C26: =(QUOTIENT(ROW()-2,7)+1)&"."&MOD(ROW()-2,7)&" - day "&(MOD(ROW()-2,7)+1) -> 4.3 - day 4 | E26: =H25 -> 13658 | H26: =SUM(E26-F26-G26) -> 13658 | L26: =SUM(J26+K26)/H26*100 -> 0 | N26: =SUM(L26-M26) -> 0 | O26: =SUM(I26/H26)*1000 -> 0
B27: 46269 | C27: =(QUOTIENT(ROW()-2,7)+1)&"."&MOD(ROW()-2,7)&" - day "&(MOD(ROW()-2,7)+1) -> 4.4 - day 5 | E27: =H26 -> 13658 | H27: =SUM(E27-F27-G27) -> 13658 | L27: =SUM(J27+K27)/H27*100 -> 0 | N27: =SUM(L27-M27) -> 0 | O27: =SUM(I27/H27)*1000 -> 0
B28: 46270 | C28: =(QUOTIENT(ROW()-2,7)+1)&"."&MOD(ROW()-2,7)&" - day "&(MOD(ROW()-2,7)+1) -> 4.5 - day 6 | E28: =H27 -> 13658 | H28: =SUM(E28-F28-G28) -> 13658 | L28: =SUM(J28+K28)/H28*100 -> 0 | N28: =SUM(L28-M28) -> 0 | O28: =SUM(I28/H28)*1000 -> 0
B29: 46271 | C29: =(QUOTIENT(ROW()-2,7)+1)&"."&MOD(ROW()-2,7)&" - day "&(MOD(ROW()-2,7)+1) -> 4.6 - day 7 | E29: =H28 -> 13658 | H29: =SUM(E29-F29-G29) -> 13658 | L29: =SUM(J29+K29)/H29*100 -> 0 | N29: =SUM(L29-M29) -> 0 | O29: =SUM(I29/H29)*1000 -> 0
B30: 46272 | C30: =(QUOTIENT(ROW()-2,7)+1)&"."&MOD(ROW()-2,7)&" - day "&(MOD(ROW()-2,7)+1) -> 5.0 - day 1 | E30: =H29 -> 13658 | H30: =SUM(E30-F30-G30) -> 13658 | L30: =SUM(J30+K30)/H30*100 -> 0 | N30: =SUM(L30-M30) -> 0 | O30: =SUM(I30/H30)*1000 -> 0
B31: 46273 | C31: =(QUOTIENT(ROW()-2,7)+1)&"."&MOD(ROW()-2,7)&" - day "&(MOD(ROW()-2,7)+1) -> 5.1 - day 2 | E31: =H30 -> 13658 | H31: =SUM(E31-F31-G31) -> 13658 | L31: =SUM(J31+K31)/H31*100 -> 0 | N31: =SUM(L31-M31) -> 0 | O31: =SUM(I31/H31)*1000 -> 0
B32: 46274 | C32: =(QUOTIENT(ROW()-2,7)+1)&"."&MOD(ROW()-2,7)&" - day "&(MOD(ROW()-2,7)+1) -> 5.2 - day 3 | E32: =H31 -> 13658 | H32: =SUM(E32-F32-G32) -> 13658 | L32: =SUM(J32+K32)/H32*100 -> 0 | N32: =SUM(L32-M32) -> 0 | O32: =SUM(I32/H32)*1000 -> 0
... B128: 46370 | C128: =(QUOTIENT(ROW()-2,7)+1)&"."&MOD(ROW()-2,7)&" - day "&(MOD(ROW()-2,7)+1) -> 19.0 - day 1 | E128: =H127 -> 13658 | H128: =SUM(E128-F128-G128) -> 13658 | L128: =SUM(J128+K128)/H128*100 -> 0 | N128: =SUM(L128-M128) -> 0 | O128: =SUM(I128/H128)*1000 -> 0
B129: 46371 | C129: =(QUOTIENT(ROW()-2,7)+1)&"."&MOD(ROW()-2,7)&" - day "&(MOD(ROW()-2,7)+1) -> 19.1 - day 2 | E129: =H128 -> 13658 | F129: 6 | G129: 1 | H129: =SUM(E129-F129-G129) -> 13651 | J129: 600 | K129: 5 | L129: =SUM(J129+K129)/H129*100 -> 4.4319098 | N129: =SUM(L129-M129) -> 4.4319098 | O129: =SUM(I129/H129)*1000 -> 0
B130: 46372 | C130: =(QUOTIENT(ROW()-2,7)+1)&"."&MOD(ROW()-2,7)&" - day "&(MOD(ROW()-2,7)+1) -> 19.2 - day 3 | E130: =H129 -> 13651 | F130: 13 | G130: 0 | H130: =SUM(E130-F130-G130) -> 13638 | J130: 800 | K130: 9 | L130: =SUM(J130+K130)/H130*100 -> 5.9319548 | N130: =SUM(L130-M130) -> 5.9319548 | O130: =SUM(I130/H130)*1000 -> 0
B131: 46373 | C131: =(QUOTIENT(ROW()-2,7)+1)&"."&MOD(ROW()-2,7)&" - day "&(MOD(ROW()-2,7)+1) -> 19.3 - day 4 | E131: =H130 -> 13638 | F131: 34 | G131: 0 | H131: =SUM(E131-F131-G131) -> 13604 | J131: 1500 | K131: 16 | L131: =SUM(J131+K131)/H131*100 -> 11.143781 | N131: =SUM(L131-M131) -> 11.143781 | O131: =SUM(I131/H131)*1000 -> 0
B132: 46374 | C132: =(QUOTIENT(ROW()-2,7)+1)&"."&MOD(ROW()-2,7)&" - day "&(MOD(ROW()-2,7)+1) -> 19.4 - day 5 | E132: =H131 -> 13604 | F132: 54 | G132: 0 | H132: =SUM(E132-F132-G132) -> 13550 | J132: 2344 | K132: 3 | L132: =SUM(J132+K132)/H132*100 -> 17.321033 | N132: =SUM(L132-M132) -> 17.321033 | O132: =SUM(I132/H132)*1000 -> 0
B133: 46375 | C133: =(QUOTIENT(ROW()-2,7)+1)&"."&MOD(ROW()-2,7)&" - day "&(MOD(ROW()-2,7)+1) -> 19.5 - day 6 | E133: =H132 -> 13550 | F133: 23 | G133: 0 | H133: =SUM(E133-F133-G133) -> 13527 | J133: 3234 | K133: 1 | L133: =SUM(J133+K133)/H133*100 -> 23.915133 | N133: =SUM(L133-M133) -> 23.915133 | O133: =SUM(I133/H133)*1000 -> 0
B134: 46376 | C134: =(QUOTIENT(ROW()-2,7)+1)&"."&MOD(ROW()-2,7)&" - day "&(MOD(ROW()-2,7)+1) -> 19.6 - day 7 | E134: =H133 -> 13527 | F134: 34 | G134: 0 | H134: =SUM(E134-F134-G134) -> 13493 | J134: 4322 | K134: 0 | L134: =SUM(J134+K134)/H134*100 -> 32.031424 | N134: =SUM(L134-M134) -> 32.031424 | O134: =SUM(I134/H134)*1000 -> 0
B135: 46377 | C135: =(QUOTIENT(ROW()-2,7)+1)&"."&MOD(ROW()-2,7)&" - day "&(MOD(ROW()-2,7)+1) -> 20.0 - day 1 | E135: =H134 -> 13493 | F135: 54 | G135: 3 | H135: =SUM(E135-F135-G135) -> 13436 | J135: 2344 | K135: 0 | L135: =SUM(J135+K135)/H135*100 -> 17.445668 | N135: =SUM(L135-M135) -> 17.445668 | O135: =SUM(I135/H135)*1000 -> 0
B136: 46378 | C136: =(QUOTIENT(ROW()-2,7)+1)&"."&MOD(ROW()-2,7)&" - day "&(MOD(ROW()-2,7)+1) -> 20.1 - day 2 | E136: =H135 -> 13436 | G136: 0 | H136: =SUM(E136-F136-G136) -> 13436 | L136: =SUM(J136+K136)/H136*100 -> 0 | N136: =SUM(L136-M136) -> 0 | O136: =SUM(I136/H136)*1000 -> 0
B137: 46379 | C137: =(QUOTIENT(ROW()-2,7)+1)&"."&MOD(ROW()-2,7)&" - day "&(MOD(ROW()-2,7)+1) -> 20.2 - day 3 | E137: =H136 -> 13436 | H137: =SUM(E137-F137-G137) -> 13436 | L137: =SUM(J137+K137)/H137*100 -> 0 | N137: =SUM(L137-M137) -> 0 | O137: =SUM(I137/H137)*1000 -> 0
B138: 46380 | C138: =(QUOTIENT(ROW()-2,7)+1)&"."&MOD(ROW()-2,7)&" - day "&(MOD(ROW()-2,7)+1) -> 20.3 - day 4 | E138: =H137 -> 13436 | H138: =SUM(E138-F138-G138) -> 13436 | L138: =SUM(J138+K138)/H138*100 -> 0 | N138: =SUM(L138-M138) -> 0 | O138: =SUM(I138/H138)*1000 -> 0
B139: 46381 | C139: =(QUOTIENT(ROW()-2,7)+1)&"."&MOD(ROW()-2,7)&" - day "&(MOD(ROW()-2,7)+1) -> 20.4 - day 5 | E139: =H138 -> 13436 | H139: =SUM(E139-F139-G139) -> 13436 | L139: =SUM(J139+K139)/H139*100 -> 0 | N139: =SUM(L139-M139) -> 0 | O139: =SUM(I139/H139)*1000 -> 0
B140: 46382 | C140: =(QUOTIENT(ROW()-2,7)+1)&"."&MOD(ROW()-2,7)&" - day "&(MOD(ROW()-2,7)+1) -> 20.5 - day 6 | E140: =H139 -> 13436 | H140: =SUM(E140-F140-G140) -> 13436 | L140: =SUM(J140+K140)/H140*100 -> 0 | N140: =SUM(L140-M140) -> 0 | O140: =SUM(I140/H140)*1000 -> 0
B141: 46383 | C141: =(QUOTIENT(ROW()-2,7)+1)&"."&MOD(ROW()-2,7)&" - day "&(MOD(ROW()-2,7)+1) -> 20.6 - day 7 | E141: =H140 -> 13436 | H141: =SUM(E141-F141-G141) -> 13436 | L141: =SUM(J141+K141)/H141*100 -> 0 | N141: =SUM(L141-M141) -> 0 | O141: =SUM(I141/H141)*1000 -> 0
B142: 46384 | C142: =(QUOTIENT(ROW()-2,7)+1)&"."&MOD(ROW()-2,7)&" - day "&(MOD(ROW()-2,7)+1) -> 21.0 - day 1 | E142: =H141 -> 13436 | H142: =SUM(E142-F142-G142) -> 13436 | L142: =SUM(J142+K142)/H142*100 -> 0 | N142: =SUM(L142-M142) -> 0 | O142: =SUM(I142/H142)*1000 -> 0
B143: 46385 | C143: =(QUOTIENT(ROW()-2,7)+1)&"."&MOD(ROW()-2,7)&" - day "&(MOD(ROW()-2,7)+1) -> 21.1 - day 2 | E143: =H142 -> 13436 | H143: =SUM(E143-F143-G143) -> 13436 | L143: =SUM(J143+K143)/H143*100 -> 0 | N143: =SUM(L143-M143) -> 0 | O143: =SUM(I143/H143)*1000 -> 0
B144: 46386 | C144: =(QUOTIENT(ROW()-2,7)+1)&"."&MOD(ROW()-2,7)&" - day "&(MOD(ROW()-2,7)+1) -> 21.2 - day 3 | E144: =H143 -> 13436 | H144: =SUM(E144-F144-G144) -> 13436 | L144: =SUM(J144+K144)/H144*100 -> 0 | N144: =SUM(L144-M144) -> 0 | O144: =SUM(I144/H144)*1000 -> 0
B145: 46387 | C145: =(QUOTIENT(ROW()-2,7)+1)&"."&MOD(ROW()-2,7)&" - day "&(MOD(ROW()-2,7)+1) -> 21.3 - day 4 | E145: =H144 -> 13436 | H145: =SUM(E145-F145-G145) -> 13436 | L145: =SUM(J145+K145)/H145*100 -> 0 | N145: =SUM(L145-M145) -> 0 | O145: =SUM(I145/H145)*1000 -> 0
B146: 46388 | C146: =(QUOTIENT(ROW()-2,7)+1)&"."&MOD(ROW()-2,7)&" - day "&(MOD(ROW()-2,7)+1) -> 21.4 - day 5 | E146: =H145 -> 13436 | H146: =SUM(E146-F146-G146) -> 13436 | L146: =SUM(J146+K146)/H146*100 -> 0 | N146: =SUM(L146-M146) -> 0 | O146: =SUM(I146/H146)*1000 -> 0
B147: 46389 | C147: =(QUOTIENT(ROW()-2,7)+1)&"."&MOD(ROW()-2,7)&" - day "&(MOD(ROW()-2,7)+1) -> 21.5 - day 6 | E147: =H146 -> 13436 | H147: =SUM(E147-F147-G147) -> 13436 | L147: =SUM(J147+K147)/H147*100 -> 0 | N147: =SUM(L147-M147) -> 0 | O147: =SUM(I147/H147)*1000 -> 0
B148: 46390 | C148: =(QUOTIENT(ROW()-2,7)+1)&"."&MOD(ROW()-2,7)&" - day "&(MOD(ROW()-2,7)+1) -> 21.6 - day 7 | E148: =H147 -> 13436 | H148: =SUM(E148-F148-G148) -> 13436 | L148: =SUM(J148+K148)/H148*100 -> 0 | N148: =SUM(L148-M148) -> 0 | O148: =SUM(I148/H148)*1000 -> 0
... B731: 46973 | C731: =(QUOTIENT(ROW()-2,7)+1)&"."&MOD(ROW()-2,7)&" - day "&(MOD(ROW()-2,7)+1) -> 105.1 - day 2 | E731: =H730 -> 13436 | H731: =SUM(E731-F731-G731) -> 13436 | L731: =SUM(J731+K731)/H731*100 -> 0 | N731: =SUM(L731-M731) -> 0 | O731: =SUM(I731/H731)*1000 -> 0

Sheet Sheet3
A3: BATCH NO | B3: DATE | C3: AGE OF THE BIRD | D3: SHED NO | E3: BIRDS OPENING STOCK | F3: MORTALITY | G3: CULLS | H3: BIRDS CLOSING STOCK | I3: FEED CONSUMPTION | J3: EGG PRODUCTION | K3: EGG BREKAGE | L3: ACTUAL PRODUCTION % | M3: TARGET PRODUCTION | N3: DIFFRENCE IN PRODUCTION | O3: FEED PER BIRD | P3: REMARKS
C4: 0.1 | D4: CHICK SHED
C5: 0.2
C6: 0.3
C7: 0.4
C8: 0.5
C9: 0.6
C10: 0.7
C11: 1 ST WEEK 1.1
C12: 1.2
C13: 1.3
C14: 1.4
C15: 1.5
C16: 1.6
C17: 1.7
C18: 2 ND WEEK 2.1
C19: 2.2
C20: 2.3
C21: 2.4
C22: 2.5
C23: 2.6
C24: 2.7
C25: 3RD WEEK 3.1
C26: 3.2
C27: 3.3
C28: 3.4
C29: 3.5
C30: 3.6
C31: 3.7
C32: 4TH WEEK 4.1
C33: 4.2
C34: 4.3
C35: 4.4
C36: 4.5
C37: 4.6
C38: 4.7

Sheet Sheet4
L1: BV 300 BREAD
C2: bovans bread | K2: AGE | L2: TARGET PRODUCTION
C3: target production depends on age | D3: target production | K3: 18 th week
C4: 18 th week | D4: 0.03 | K4: 19 th week | L4: 25
C5: 19th week | D5: 0.15 | K5: 20 th week | L5: 50
C6: 20th week | D6: 0.445 | K6: 21 th week | L6: 75
C7: 21st week | D7: 0.676 | K7: 22 th week | L7: 90
C8: 22nd week | D8: 0.824 | K8: 23 th week | L8: 93
C9: 23rd week | D9: 0.911 | K9: 24 th week | L9: 95
C10: 24th week | D10: 0.948 | K10: 25 th week | L10: 96
C11: 25th week | D11: 0.956 | K11: 26 th week | L11: 96.5
C12: 26th week | D12: 0.961 | K12: 27 th week | L12: 97
C13: 27th week | D13: 0.964 | K13: 28 th week | L13: 97.5
C14: 28th week | D14: 0.966 | K14: 29 th week | L14: 98
C15: 29th week | D15: 0.967 | K15: 30 th week | L15: 98
... C85: 99th week | D85: 0.77 | K85: 100 th week | L85: 75.3
C86: 100th week | D86: 0.77

Sheet Sheet1
A2: SUNRISE EGG FARMS BOVANS | E2: SHED NO: GL1-3 | G2: HEN HOUSED | I2: 16000
A3: Age | B3: No of birds | C3: Wkly depletion | D3: Depletion % | E3: Cum Depletion | F3: Weekly eggs | G3: HDP % | H3: HHP | I3: Cum HHP
A4: 19 | B4: 30000 | C4: {=SUM('flock performance sheet'!F129:F135+'flock performance sheet'!G129:G135)} -> 222 | D4: =C4/B4% -> 0.74 | E4: =D4 -> 0.74 | F4: {=SUM('flock performance sheet'!J129:J135+'flock performance sheet'!K129:K135)} -> 15178 | G4: =(F4/B4%)/7 -> 7.227619 | H4: =F4/B4 -> 0.50593333 | I4: =H4 -> 0.50593333 | K4: MORTALITY | L4: culls from fps sheet
A5: 20 | B5: =B4-C4 -> 29778 | C5: {=SUM('flock performance sheet'!F136:F142+'flock performance sheet'!G136:G142)} -> 0 | D5: =C5/B5% -> 0 | E5: =E4+D5 -> 0.74 | F5: {=SUM('flock performance sheet'!J136:J142+'flock performance sheet'!K136:K142)} -> 0 | G5: =(F5/B5%)/7 -> 0 | H5: =F5/B4 -> 0 | I5: =I4+H5 -> 0.50593333 | K5: egg production + breakage
A6: 21 | B6: =B5-C5 -> 29778 | C6: {=SUM('flock performance sheet'!F143:F149+'flock performance sheet'!G143:G149)} -> 0 | D6: =C6/B6% -> 0 | E6: =E5+D6 -> 0.74 | F6: {=SUM('flock performance sheet'!J143:J149+'flock performance sheet'!K143:K149)} -> 0 | G6: =(F6/B6%)/7 -> 0 | H6: =F6/B4 -> 0 | I6: =I5+H6 -> 0.50593333
A7: 22 | B7: =B6-C6 -> 29778 | C7: {=SUM('flock performance sheet'!F150:F156+'flock performance sheet'!G150:G156)} -> 0 | D7: =C7/B7% -> 0 | E7: =E6+D7 -> 0.74 | F7: {=SUM('flock performance sheet'!J150:J156+'flock performance sheet'!K150:K156)} -> 0 | G7: =(F7/B7%)/7 -> 0 | H7: =F7/B4 -> 0 | I7: =I6+H7 -> 0.50593333
A8: 23 | B8: =B7-C7 -> 29778 | C8: {=SUM('flock performance sheet'!F157:F163+'flock performance sheet'!G157:G163)} -> 0 | D8: =C8/B8% -> 0 | E8: =E7+D8 -> 0.74 | F8: {=SUM('flock performance sheet'!J157:J163+'flock performance sheet'!K157:K163)} -> 0 | G8: =(F8/B8%)/7 -> 0 | H8: =F8/B4 -> 0 | I8: =I7+H8 -> 0.50593333
A9: 24 | B9: =B8-C8 -> 29778 | C9: {=SUM('flock performance sheet'!F164:F170+'flock performance sheet'!G164:G170)} -> 0 | D9: =C9/B9% -> 0 | E9: =E8+D9 -> 0.74 | F9: {=SUM('flock performance sheet'!J164:J170+'flock performance sheet'!K164:K170)} -> 0 | G9: =(F9/B9%)/7 -> 0 | H9: =F9/B4 -> 0 | I9: =I8+H9 -> 0.50593333
A10: 25 | B10: =B9-C9 -> 29778 | C10: {=SUM('flock performance sheet'!F171:F177+'flock performance sheet'!G171:G177)} -> 0 | D10: =C10/B10% -> 0 | E10: =E9+D10 -> 0.74 | F10: {=SUM('flock performance sheet'!J171:J177+'flock performance sheet'!K171:K177)} -> 0 | G10: =(F10/B10%)/7 -> 0 | H10: =F10/B4 -> 0 | I10: =I9+H10 -> 0.50593333
A11: 26 | B11: =B10-C10 -> 29778 | C11: {=SUM('flock performance sheet'!F178:F184+'flock performance sheet'!G178:G184)} -> 0 | D11: =C11/B11% -> 0 | E11: =E10+D11 -> 0.74 | F11: {=SUM('flock performance sheet'!J178:J184+'flock performance sheet'!K178:K184)} -> 0 | G11: =(F11/B11%)/7 -> 0 | H11: =F11/B4 -> 0 | I11: =I10+H11 -> 0.50593333
A12: 27 | B12: =B11-C11 -> 29778 | C12: {=SUM('flock performance sheet'!F185:F191+'flock performance sheet'!G185:G191)} -> 0 | D12: =C12/B12% -> 0 | E12: =E11+D12 -> 0.74 | F12: {=SUM('flock performance sheet'!J185:J191+'flock performance sheet'!K185:K191)} -> 0 | G12: =(F12/B12%)/7 -> 0 | H12: =F12/B4 -> 0 | I12: =I11+H12 -> 0.50593333
A13: 28 | B13: =B12-C12 -> 29778 | C13: {=SUM('flock performance sheet'!F192:F198+'flock performance sheet'!G192:G198)} -> 0 | D13: =C13/B13% -> 0 | E13: =E12+D13 -> 0.74 | F13: {=SUM('flock performance sheet'!J192:J198+'flock performance sheet'!K192:K198)} -> 0 | G13: =(F13/B13%)/7 -> 0 | H13: =F13/B4 -> 0 | I13: =I12+H13 -> 0.50593333
A14: 29 | B14: =B13-C13 -> 29778 | C14: {=SUM('flock performance sheet'!F199:F205+'flock performance sheet'!G199:G205)} -> 0 | D14: =C14/B14% -> 0 | E14: =E13+D14 -> 0.74 | F14: {=SUM('flock performance sheet'!J199:J205+'flock performance sheet'!K199:K205)} -> 0 | G14: =(F14/B14%)/7 -> 0 | H14: =F14/B4 -> 0 | I14: =I13+H14 -> 0.50593333
A15: 30 | B15: =B14-C14 -> 29778 | C15: {=SUM('flock performance sheet'!F206:F212+'flock performance sheet'!G206:G212)} -> 0 | D15: =C15/B15% -> 0 | E15: =E14+D15 -> 0.74 | F15: {=SUM('flock performance sheet'!J206:J212+'flock performance sheet'!K206:K212)} -> 0 | G15: =(F15/B15%)/7 -> 0 | H15: =F15/B4 -> 0 | I15: =I14+H15 -> 0.50593333
A16: 31 | B16: =B15-C15 -> 29778 | C16: {=SUM('flock performance sheet'!F213:F219+'flock performance sheet'!G213:G219)} -> 0 | D16: =C16/B16% -> 0 | E16: =E15+D16 -> 0.74 | F16: {=SUM('flock performance sheet'!J213:J219+'flock performance sheet'!K213:K219)} -> 0 | G16: =(F16/B16%)/7 -> 0 | H16: =F16/B4 -> 0 | I16: =I15+H16 -> 0.50593333
A17: 32 | B17: =B16-C16 -> 29778 | C17: {=SUM('flock performance sheet'!F220:F226+'flock performance sheet'!G220:G226)} -> 0 | D17: =C17/B17% -> 0 | E17: =E16+D17 -> 0.74 | F17: {=SUM('flock performance sheet'!J220:J226+'flock performance sheet'!K220:K226)} -> 0 | G17: =(F17/B17%)/7 -> 0 | H17: =F17/B4 -> 0 | I17: =I16+H17 -> 0.50593333
A18: 33 | B18: =B17-C17 -> 29778 | C18: {=SUM('flock performance sheet'!F227:F233+'flock performance sheet'!G227:G233)} -> 0 | D18: =C18/B18% -> 0 | E18: =E17+D18 -> 0.74 | F18: {=SUM('flock performance sheet'!J227:J233+'flock performance sheet'!K227:K233)} -> 0 | G18: =(F18/B18%)/7 -> 0 | H18: =F18/B4 -> 0 | I18: =I17+H18 -> 0.50593333
A19: 34 | B19: =B18-C18 -> 29778 | C19: {=SUM('flock performance sheet'!F234:F240+'flock performance sheet'!G234:G240)} -> 0 | D19: =C19/B19% -> 0 | E19: =E18+D19 -> 0.74 | F19: {=SUM('flock performance sheet'!J234:J240+'flock performance sheet'!K234:K240)} -> 0 | G19: =(F19/B19%)/7 -> 0 | H19: =F19/B4 -> 0 | I19: =I18+H19 -> 0.50593333
A20: 35 | B20: =B19-C19 -> 29778 | C20: {=SUM('flock performance sheet'!F241:F247+'flock performance sheet'!G241:G247)} -> 0 | D20: =C20/B20% -> 0 | E20: =E19+D20 -> 0.74 | F20: {=SUM('flock performance sheet'!J241:J247+'flock performance sheet'!K241:K247)} -> 0 | G20: =(F20/B20%)/7 -> 0 | H20: =F20/B4 -> 0 | I20: =I19+H20 -> 0.50593333
A21: 36 | B21: =B20-C20 -> 29778 | C21: {=SUM('flock performance sheet'!F248:F254+'flock performance sheet'!G248:G254)} -> 0 | D21: =C21/B21% -> 0 | E21: =E20+D21 -> 0.74 | F21: {=SUM('flock performance sheet'!J248:J254+'flock performance sheet'!K248:K254)} -> 0 | G21: =(F21/B21%)/7 -> 0 | H21: =F21/B4 -> 0 | I21: =I20+H21 -> 0.50593333
A22: 37 | B22: =B21-C21 -> 29778 | C22: {=SUM('flock performance sheet'!F255:F261+'flock performance sheet'!G255:G261)} -> 0 | D22: =C22/B22% -> 0 | E22: =E21+D22 -> 0.74 | F22: {=SUM('flock performance sheet'!J255:J261+'flock performance sheet'!K255:K261)} -> 0 | G22: =(F22/B22%)/7 -> 0 | H22: =F22/B4 -> 0 | I22: =I21+H22 -> 0.50593333
A23: 38 | B23: =B22-C22 -> 29778 | C23: {=SUM('flock performance sheet'!F262:F268+'flock performance sheet'!G262:G268)} -> 0 | D23: =C23/B23% -> 0 | E23: =E22+D23 -> 0.74 | F23: {=SUM('flock performance sheet'!J262:J268+'flock performance sheet'!K262:K268)} -> 0 | G23: =(F23/B23%)/7 -> 0 | H23: =F23/B4 -> 0 | I23: =I22+H23 -> 0.50593333
A24: 39 | B24: =B23-C23 -> 29778 | C24: {=SUM('flock performance sheet'!F269:F275+'flock performance sheet'!G269:G275)} -> 0 | D24: =C24/B24% -> 0 | E24: =E23+D24 -> 0.74 | F24: {=SUM('flock performance sheet'!J269:J275+'flock performance sheet'!K269:K275)} -> 0 | G24: =(F24/B24%)/7 -> 0 | H24: =F24/B4 -> 0 | I24: =I23+H24 -> 0.50593333
A25: 40 | B25: =B24-C24 -> 29778 | C25: {=SUM('flock performance sheet'!F276:F282+'flock performance sheet'!G276:G282)} -> 0 | D25: =C25/B25% -> 0 | E25: =E24+D25 -> 0.74 | F25: {=SUM('flock performance sheet'!J276:J282+'flock performance sheet'!K276:K282)} -> 0 | G25: =(F25/B25%)/7 -> 0 | H25: =F25/B4 -> 0 | I25: =I24+H25 -> 0.50593333
A26: 41 | B26: =B25-C25 -> 29778 | C26: {=SUM('flock performance sheet'!F283:F289+'flock performance sheet'!G283:G289)} -> 0 | D26: =C26/B26% -> 0 | E26: =E25+D26 -> 0.74 | F26: {=SUM('flock performance sheet'!J283:J289+'flock performance sheet'!K283:K289)} -> 0 | G26: =(F26/B26%)/7 -> 0 | H26: =F26/B4 -> 0 | I26: =I25+H26 -> 0.50593333
A27: 42 | B27: =B26-C26 -> 29778 | C27: {=SUM('flock performance sheet'!F290:F296+'flock performance sheet'!G290:G296)} -> 0 | D27: =C27/B27% -> 0 | E27: =E26+D27 -> 0.74 | F27: {=SUM('flock performance sheet'!J290:J296+'flock performance sheet'!K290:K296)} -> 0 | G27: =(F27/B27%)/7 -> 0 | H27: =F27/B4 -> 0 | I27: =I26+H27 -> 0.50593333
A28: 43 | B28: =B27-C27 -> 29778 | C28: {=SUM('flock performance sheet'!F297:F303+'flock performance sheet'!G297:G303)} -> 0 | D28: =C28/B28% -> 0 | E28: =E27+D28 -> 0.74 | F28: {=SUM('flock performance sheet'!J297:J303+'flock performance sheet'!K297:K303)} -> 0 | G28: =(F28/B28%)/7 -> 0 | H28: =F28/B4 -> 0 | I28: =I27+H28 -> 0.50593333
A29: 44 | B29: =B28-C28 -> 29778 | C29: {=SUM('flock performance sheet'!F304:F310+'flock performance sheet'!G304:G310)} -> 0 | D29: =C29/B29% -> 0 | E29: =E28+D29 -> 0.74 | F29: {=SUM('flock performance sheet'!J304:J310+'flock performance sheet'!K304:K310)} -> 0 | G29: =(F29/B29%)/7 -> 0 | H29: =F29/B4 -> 0 | I29: =I28+H29 -> 0.50593333
A30: 45 | B30: =B29-C29 -> 29778 | C30: {=SUM('flock performance sheet'!F311:F317+'flock performance sheet'!G311:G317)} -> 0 | D30: =C30/B30% -> 0 | E30: =E29+D30 -> 0.74 | F30: {=SUM('flock performance sheet'!J311:J317+'flock performance sheet'!K311:K317)} -> 0 | G30: =(F30/B30%)/7 -> 0 | H30: =F30/B4 -> 0 | I30: =I29+H30 -> 0.50593333
A31: 46 | B31: =B30-C30 -> 29778 | C31: {=SUM('flock performance sheet'!F318:F324+'flock performance sheet'!G318:G324)} -> 0 | D31: =C31/B31% -> 0 | E31: =E30+D31 -> 0.74 | F31: {=SUM('flock performance sheet'!J318:J324+'flock performance sheet'!K318:K324)} -> 0 | G31: =(F31/B31%)/7 -> 0 | H31: =F31/B4 -> 0 | I31: =I30+H31 -> 0.50593333
A32: 47 | B32: =B31-C31 -> 29778 | C32: {=SUM('flock performance sheet'!F325:F331+'flock performance sheet'!G325:G331)} -> 0 | D32: =C32/B32% -> 0 | E32: =E31+D32 -> 0.74 | F32: {=SUM('flock performance sheet'!J325:J331+'flock performance sheet'!K325:K331)} -> 0 | G32: =(F32/B32%)/7 -> 0 | H32: =F32/B4 -> 0 | I32: =I31+H32 -> 0.50593333
A33: 48 | B33: =B32-C32 -> 29778 | C33: {=SUM('flock performance sheet'!F332:F338+'flock performance sheet'!G332:G338)} -> 0 | D33: =C33/B33% -> 0 | E33: =E32+D33 -> 0.74 | F33: {=SUM('flock performance sheet'!J332:J338+'flock performance sheet'!K332:K338)} -> 0 | G33: =(F33/B33%)/7 -> 0 | H33: =F33/B4 -> 0 | I33: =I32+H33 -> 0.50593333
A34: 49 | B34: =B33-C33 -> 29778 | C34: {=SUM('flock performance sheet'!F339:F345+'flock performance sheet'!G339:G345)} -> 0 | D34: =C34/B34% -> 0 | E34: =E33+D34 -> 0.74 | F34: {=SUM('flock performance sheet'!J339:J345+'flock performance sheet'!K339:K345)} -> 0 | G34: =(F34/B34%)/7 -> 0 | H34: =F34/B4 -> 0 | I34: =I33+H34 -> 0.50593333
A35: 50 | B35: =B34-C34 -> 29778 | C35: {=SUM('flock performance sheet'!F346:F352+'flock performance sheet'!G346:G352)} -> 0 | D35: =C35/B35% -> 0 | E35: =E34+D35 -> 0.74 | F35: {=SUM('flock performance sheet'!J346:J352+'flock performance sheet'!K346:K352)} -> 0 | G35: =(F35/B35%)/7 -> 0 | H35: =F35/B4 -> 0 | I35: =I34+H35 -> 0.50593333
A36: 51 | B36: =B35-C35 -> 29778 | C36: {=SUM('flock performance sheet'!F353:F359+'flock performance sheet'!G353:G359)} -> 0 | D36: =C36/B36% -> 0 | E36: =E35+D36 -> 0.74 | F36: {=SUM('flock performance sheet'!J353:J359+'flock performance sheet'!K353:K359)} -> 0 | G36: =(F36/B36%)/7 -> 0 | H36: =F36/B4 -> 0 | I36: =I35+H36 -> 0.50593333
A37: 52 | B37: =B36-C36 -> 29778 | C37: {=SUM('flock performance sheet'!F360:F366+'flock performance sheet'!G360:G366)} -> 0 | D37: =C37/B37% -> 0 | E37: =E36+D37 -> 0.74 | F37: {=SUM('flock performance sheet'!J360:J366+'flock performance sheet'!K360:K366)} -> 0 | G37: =(F37/B37%)/7 -> 0 | H37: =F37/B4 -> 0 | I37: =I36+H37 -> 0.50593333
A38: 53 | B38: =B37-C37 -> 29778 | C38: {=SUM('flock performance sheet'!F367:F373+'flock performance sheet'!G367:G373)} -> 0 | D38: =C38/B38% -> 0 | E38: =E37+D38 -> 0.74 | F38: {=SUM('flock performance sheet'!J367:J373+'flock performance sheet'!K367:K373)} -> 0 | G38: =(F38/B38%)/7 -> 0 | H38: =F38/B4 -> 0 | I38: =I37+H38 -> 0.50593333
A39: 54 | B39: =B38-C38 -> 29778 | C39: {=SUM('flock performance sheet'!F374:F380+'flock performance sheet'!G374:G380)} -> 0 | D39: =C39/B39% -> 0 | E39: =E38+D39 -> 0.74 | F39: {=SUM('flock performance sheet'!J374:J380+'flock performance sheet'!K374:K380)} -> 0 | G39: =(F39/B39%)/7 -> 0 | H39: =F39/B4 -> 0 | I39: =I38+H39 -> 0.50593333
A40: 55 | B40: =B39-C39 -> 29778 | C40: {=SUM('flock performance sheet'!F381:F387+'flock performance sheet'!G381:G387)} -> 0 | D40: =C40/B40% -> 0 | E40: =E39+D40 -> 0.74 | F40: {=SUM('flock performance sheet'!J381:J387+'flock performance sheet'!K381:K387)} -> 0 | G40: =(F40/B40%)/7 -> 0 | H40: =F40/B4 -> 0 | I40: =I39+H40 -> 0.50593333
A41: 56 | B41: =B40-C40 -> 29778 | C41: {=SUM('flock performance sheet'!F388:F394+'flock performance sheet'!G388:G394)} -> 0 | D41: =C41/B41% -> 0 | E41: =E40+D41 -> 0.74 | F41: {=SUM('flock performance sheet'!J388:J394+'flock performance sheet'!K388:K394)} -> 0 | G41: =(F41/B41%)/7 -> 0 | H41: =F41/B4 -> 0 | I41: =I40+H41 -> 0.50593333
A42: 57 | B42: =B41-C41 -> 29778 | C42: {=SUM('flock performance sheet'!F395:F401+'flock performance sheet'!G395:G401)} -> 0 | D42: =C42/B42% -> 0 | E42: =E41+D42 -> 0.74 | F42: {=SUM('flock performance sheet'!J395:J401+'flock performance sheet'!K395:K401)} -> 0 | G42: =(F42/B42%)/7 -> 0 | H42: =F42/B4 -> 0 | I42: =I41+H42 -> 0.50593333
A43: 58 | B43: =B42-C42 -> 29778 | C43: {=SUM('flock performance sheet'!F402:F408+'flock performance sheet'!G402:G408)} -> 0 | D43: =C43/B43% -> 0 | E43: =E42+D43 -> 0.74 | F43: {=SUM('flock performance sheet'!J402:J408+'flock performance sheet'!K402:K408)} -> 0 | G43: =(F43/B43%)/7 -> 0 | H43: =F43/B4 -> 0 | I43: =I42+H43 -> 0.50593333
A44: 59 | B44: =B43-C43 -> 29778 | C44: {=SUM('flock performance sheet'!F409:F415+'flock performance sheet'!G409:G415)} -> 0 | D44: =C44/B44% -> 0 | E44: =E43+D44 -> 0.74 | F44: {=SUM('flock performance sheet'!J409:J415+'flock performance sheet'!K409:K415)} -> 0 | G44: =(F44/B44%)/7 -> 0 | H44: =F44/B4 -> 0 | I44: =I43+H44 -> 0.50593333
A45: 60 | B45: =B44-C44 -> 29778 | C45: {=SUM('flock performance sheet'!F416:F422+'flock performance sheet'!G416:G422)} -> 0 | D45: =C45/B45% -> 0 | E45: =E44+D45 -> 0.74 | F45: {=SUM('flock performance sheet'!J416:J422+'flock performance sheet'!K416:K422)} -> 0 | G45: =(F45/B45%)/7 -> 0 | H45: =F45/B4 -> 0 | I45: =I44+H45 -> 0.50593333
A46: 61 | B46: =B45-C45 -> 29778 | C46: {=SUM('flock performance sheet'!F423:F429+'flock performance sheet'!G423:G429)} -> 0 | D46: =C46/B46% -> 0 | E46: =E45+D46 -> 0.74 | F46: {=SUM('flock performance sheet'!J423:J429+'flock performance sheet'!K423:K429)} -> 0 | G46: =(F46/B46%)/7 -> 0 | H46: =F46/B4 -> 0 | I46: =I45+H46 -> 0.50593333
A47: 62 | B47: =B46-C46 -> 29778 | C47: {=SUM('flock performance sheet'!F430:F436+'flock performance sheet'!G430:G436)} -> 0 | D47: =C47/B47% -> 0 | E47: =E46+D47 -> 0.74 | F47: {=SUM('flock performance sheet'!J430:J436+'flock performance sheet'!K430:K436)} -> 0 | G47: =(F47/B47%)/7 -> 0 | H47: =F47/B4 -> 0 | I47: =I46+H47 -> 0.50593333
A48: 63 | B48: =B47-C47 -> 29778 | C48: {=SUM('flock performance sheet'!F437:F443+'flock performance sheet'!G437:G443)} -> 0 | D48: =C48/B48% -> 0 | E48: =E47+D48 -> 0.74 | F48: {=SUM('flock performance sheet'!J437:J443+'flock performance sheet'!K437:K443)} -> 0 | G48: =(F48/B48%)/7 -> 0 | H48: =F48/B4 -> 0 | I48: =I47+H48 -> 0.50593333
A49: 64 | B49: =B48-C48 -> 29778 | C49: {=SUM('flock performance sheet'!F444:F450+'flock performance sheet'!G444:G450)} -> 0 | D49: =C49/B49% -> 0 | E49: =E48+D49 -> 0.74 | F49: {=SUM('flock performance sheet'!J444:J450+'flock performance sheet'!K444:K450)} -> 0 | G49: =(F49/B49%)/7 -> 0 | H49: =F49/B4 -> 0 | I49: =I48+H49 -> 0.50593333
A50: 65 | B50: =B49-C49 -> 29778 | C50: {=SUM('flock performance sheet'!F451:F457+'flock performance sheet'!G451:G457)} -> 0 | D50: =C50/B50% -> 0 | E50: =E49+D50 -> 0.74 | F50: {=SUM('flock performance sheet'!J451:J457+'flock performance sheet'!K451:K457)} -> 0 | G50: =(F50/B50%)/7 -> 0 | H50: =F50/B4 -> 0 | I50: =I49+H50 -> 0.50593333
A51: 66 | B51: =B50-C50 -> 29778 | C51: {=SUM('flock performance sheet'!F458:F464+'flock performance sheet'!G458:G464)} -> 0 | D51: =C51/B51% -> 0 | E51: =E50+D51 -> 0.74 | F51: {=SUM('flock performance sheet'!J458:J464+'flock performance sheet'!K458:K464)} -> 0 | G51: =(F51/B51%)/7 -> 0 | H51: =F51/B4 -> 0 | I51: =I50+H51 -> 0.50593333
A52: 67 | B52: =B51-C51 -> 29778 | C52: {=SUM('flock performance sheet'!F465:F471+'flock performance sheet'!G465:G471)} -> 0 | D52: =C52/B52% -> 0 | E52: =E51+D52 -> 0.74 | F52: {=SUM('flock performance sheet'!J465:J471+'flock performance sheet'!K465:K471)} -> 0 | G52: =(F52/B52%)/7 -> 0 | H52: =F52/B4 -> 0 | I52: =I51+H52 -> 0.50593333
A53: 68 | B53: =B52-C52 -> 29778 | C53: {=SUM('flock performance sheet'!F472:F478+'flock performance sheet'!G472:G478)} -> 0 | D53: =C53/B53% -> 0 | E53: =E52+D53 -> 0.74 | F53: {=SUM('flock performance sheet'!J472:J478+'flock performance sheet'!K472:K478)} -> 0 | G53: =(F53/B53%)/7 -> 0 | H53: =F53/B4 -> 0 | I53: =I52+H53 -> 0.50593333
A54: 69 | B54: =B53-C53 -> 29778 | C54: {=SUM('flock performance sheet'!F479:F485+'flock performance sheet'!G479:G485)} -> 0 | D54: =C54/B54% -> 0 | E54: =E53+D54 -> 0.74 | F54: {=SUM('flock performance sheet'!J479:J485+'flock performance sheet'!K479:K485)} -> 0 | G54: =(F54/B54%)/7 -> 0 | H54: =F54/B4 -> 0 | I54: =I53+H54 -> 0.50593333
A55: 70 | B55: =B54-C54 -> 29778 | C55: {=SUM('flock performance sheet'!F486:F492+'flock performance sheet'!G486:G492)} -> 0 | D55: =C55/B55% -> 0 | E55: =E54+D55 -> 0.74 | F55: {=SUM('flock performance sheet'!J486:J492+'flock performance sheet'!K486:K492)} -> 0 | G55: =(F55/B55%)/7 -> 0 | H55: =F55/B4 -> 0 | I55: =I54+H55 -> 0.50593333
A56: 71 | B56: =B55-C55 -> 29778 | C56: {=SUM('flock performance sheet'!F493:F499+'flock performance sheet'!G493:G499)} -> 0 | D56: =C56/B56% -> 0 | E56: =E55+D56 -> 0.74 | F56: {=SUM('flock performance sheet'!J493:J499+'flock performance sheet'!K493:K499)} -> 0 | G56: =(F56/B56%)/7 -> 0 | H56: =F56/B4 -> 0 | I56: =I55+H56 -> 0.50593333
A57: 72 | B57: =B56-C56 -> 29778 | C57: {=SUM('flock performance sheet'!F500:F506+'flock performance sheet'!G500:G506)} -> 0 | D57: =C57/B57% -> 0 | E57: =E56+D57 -> 0.74 | F57: {=SUM('flock performance sheet'!J500:J506+'flock performance sheet'!K500:K506)} -> 0 | G57: =(F57/B57%)/7 -> 0 | H57: =F57/B4 -> 0 | I57: =I56+H57 -> 0.50593333
A58: 73 | B58: =B57-C57 -> 29778 | C58: {=SUM('flock performance sheet'!F507:F513+'flock performance sheet'!G507:G513)} -> 0 | D58: =C58/B58% -> 0 | E58: =E57+D58 -> 0.74 | F58: {=SUM('flock performance sheet'!J507:J513+'flock performance sheet'!K507:K513)} -> 0 | G58: =(F58/B58%)/7 -> 0 | H58: =F58/B4 -> 0 | I58: =I57+H58 -> 0.50593333
A59: 74 | B59: =B58-C58 -> 29778 | C59: {=SUM('flock performance sheet'!F514:F520+'flock performance sheet'!G514:G520)} -> 0 | D59: =C59/B59% -> 0 | E59: =E58+D59 -> 0.74 | F59: {=SUM('flock performance sheet'!J514:J520+'flock performance sheet'!K514:K520)} -> 0 | G59: =(F59/B59%)/7 -> 0 | H59: =F59/B4 -> 0 | I59: =I58+H59 -> 0.50593333
A60: 75 | B60: =B59-C59 -> 29778 | C60: {=SUM('flock performance sheet'!F521:F527+'flock performance sheet'!G521:G527)} -> 0 | D60: =C60/B60% -> 0 | E60: =E59+D60 -> 0.74 | F60: {=SUM('flock performance sheet'!J521:J527+'flock performance sheet'!K521:K527)} -> 0 | G60: =(F60/B60%)/7 -> 0 | H60: =F60/B4 -> 0 | I60: =I59+H60 -> 0.50593333
A61: 76 | B61: =B60-C60 -> 29778 | C61: {=SUM('flock performance sheet'!F528:F534+'flock performance sheet'!G528:G534)} -> 0 | D61: =C61/B61% -> 0 | E61: =E60+D61 -> 0.74 | F61: {=SUM('flock performance sheet'!J528:J534+'flock performance sheet'!K528:K534)} -> 0 | G61: =(F61/B61%)/7 -> 0 | H61: =F61/B4 -> 0 | I61: =I60+H61 -> 0.50593333
A62: 77 | B62: =B61-C61 -> 29778 | C62: {=SUM('flock performance sheet'!F535:F541+'flock performance sheet'!G535:G541)} -> 0 | D62: =C62/B62% -> 0 | E62: =E61+D62 -> 0.74 | F62: {=SUM('flock performance sheet'!J535:J541+'flock performance sheet'!K535:K541)} -> 0 | G62: =(F62/B62%)/7 -> 0 | H62: =F62/B4 -> 0 | I62: =I61+H62 -> 0.50593333
A63: 78 | B63: =B62-C62 -> 29778 | C63: {=SUM('flock performance sheet'!F542:F548+'flock performance sheet'!G542:G548)} -> 0 | D63: =C63/B63% -> 0 | E63: =E62+D63 -> 0.74 | F63: {=SUM('flock performance sheet'!J542:J548+'flock performance sheet'!K542:K548)} -> 0 | G63: =(F63/B63%)/7 -> 0 | H63: =F63/B4 -> 0 | I63: =I62+H63 -> 0.50593333
A64: 79 | B64: =B63-C63 -> 29778 | C64: {=SUM('flock performance sheet'!F549:F555+'flock performance sheet'!G549:G555)} -> 0 | D64: =C64/B64% -> 0 | E64: =E63+D64 -> 0.74 | F64: {=SUM('flock performance sheet'!J549:J555+'flock performance sheet'!K549:K555)} -> 0 | G64: =(F64/B64%)/7 -> 0 | H64: =F64/B4 -> 0 | I64: =I63+H64 -> 0.50593333
A65: 80 | B65: =B64-C64 -> 29778 | C65: {=SUM('flock performance sheet'!F556:F562+'flock performance sheet'!G556:G562)} -> 0 | D65: =C65/B65% -> 0 | E65: =E64+D65 -> 0.74 | F65: {=SUM('flock performance sheet'!J556:J562+'flock performance sheet'!K556:K562)} -> 0 | G65: =(F65/B65%)/7 -> 0 | H65: =F65/B4 -> 0 | I65: =I64+H65 -> 0.50593333
A66: 81 | B66: =B65-C65 -> 29778 | C66: {=SUM('flock performance sheet'!F563:F569+'flock performance sheet'!G563:G569)} -> 0 | D66: =C66/B66% -> 0 | E66: =E65+D66 -> 0.74 | F66: {=SUM('flock performance sheet'!J563:J569+'flock performance sheet'!K563:K569)} -> 0 | G66: =(F66/B66%)/7 -> 0 | H66: =F66/B4 -> 0 | I66: =I65+H66 -> 0.50593333
A67: 82 | B67: =B66-C66 -> 29778 | C67: {=SUM('flock performance sheet'!F570:F576+'flock performance sheet'!G570:G576)} -> 0 | D67: =C67/B67% -> 0 | E67: =E66+D67 -> 0.74 | F67: {=SUM('flock performance sheet'!J570:J576+'flock performance sheet'!K570:K576)} -> 0 | G67: =(F67/B67%)/7 -> 0 | H67: =F67/B4 -> 0 | I67: =I66+H67 -> 0.50593333
A68: 83 | B68: =B67-C67 -> 29778 | C68: {=SUM('flock performance sheet'!F577:F583+'flock performance sheet'!G577:G583)} -> 0 | D68: =C68/B68% -> 0 | E68: =E67+D68 -> 0.74 | F68: {=SUM('flock performance sheet'!J577:J583+'flock performance sheet'!K577:K583)} -> 0 | G68: =(F68/B68%)/7 -> 0 | H68: =F68/B4 -> 0 | I68: =I67+H68 -> 0.50593333
A69: 84 | B69: =B68-C68 -> 29778 | C69: {=SUM('flock performance sheet'!F584:F590+'flock performance sheet'!G584:G590)} -> 0 | D69: =C69/B69% -> 0 | E69: =E68+D69 -> 0.74 | F69: {=SUM('flock performance sheet'!J584:J590+'flock performance sheet'!K584:K590)} -> 0 | G69: =(F69/B69%)/7 -> 0 | H69: =F69/B4 -> 0 | I69: =I68+H69 -> 0.50593333
A70: 85 | B70: =B69-C69 -> 29778 | C70: {=SUM('flock performance sheet'!F591:F597+'flock performance sheet'!G591:G597)} -> 0 | D70: =C70/B70% -> 0 | E70: =E69+D70 -> 0.74 | F70: {=SUM('flock performance sheet'!J591:J597+'flock performance sheet'!K591:K597)} -> 0 | G70: =(F70/B70%)/7 -> 0 | H70: =F70/B4 -> 0 | I70: =I69+H70 -> 0.50593333
A71: 86 | B71: =B70-C70 -> 29778 | C71: {=SUM('flock performance sheet'!F598:F604+'flock performance sheet'!G598:G604)} -> 0 | D71: =C71/B71% -> 0 | E71: =E70+D71 -> 0.74 | F71: {=SUM('flock performance sheet'!J598:J604+'flock performance sheet'!K598:K604)} -> 0 | G71: =(F71/B71%)/7 -> 0 | H71: =F71/B4 -> 0 | I71: =I70+H71 -> 0.50593333
A72: 87 | B72: =B71-C71 -> 29778 | C72: {=SUM('flock performance sheet'!F605:F611+'flock performance sheet'!G605:G611)} -> 0 | D72: =C72/B72% -> 0 | E72: =E71+D72 -> 0.74 | F72: {=SUM('flock performance sheet'!J605:J611+'flock performance sheet'!K605:K611)} -> 0 | G72: =(F72/B72%)/7 -> 0 | H72: =F72/B4 -> 0 | I72: =I71+H72 -> 0.50593333
A73: 88 | B73: =B72-C72 -> 29778 | C73: {=SUM('flock performance sheet'!F612:F618+'flock performance sheet'!G612:G618)} -> 0 | D73: =C73/B73% -> 0 | E73: =E72+D73 -> 0.74 | F73: {=SUM('flock performance sheet'!J612:J618+'flock performance sheet'!K612:K618)} -> 0 | G73: =(F73/B73%)/7 -> 0 | H73: =F73/B4 -> 0 | I73: =I72+H73 -> 0.50593333
A74: 89 | B74: =B73-C73 -> 29778 | C74: {=SUM('flock performance sheet'!F619:F625+'flock performance sheet'!G619:G625)} -> 0 | D74: =C74/B74% -> 0 | E74: =E73+D74 -> 0.74 | F74: {=SUM('flock performance sheet'!J619:J625+'flock performance sheet'!K619:K625)} -> 0 | G74: =(F74/B74%)/7 -> 0 | H74: =F74/B4 -> 0 | I74: =I73+H74 -> 0.50593333
A75: 90 | B75: =B74-C74 -> 29778 | C75: {=SUM('flock performance sheet'!F626:F632+'flock performance sheet'!G626:G632)} -> 0 | D75: =C75/B75% -> 0 | E75: =E74+D75 -> 0.74 | F75: {=SUM('flock performance sheet'!J626:J632+'flock performance sheet'!K626:K632)} -> 0 | G75: =(F75/B75%)/7 -> 0 | H75: =F75/B4 -> 0 | I75: =I74+H75 -> 0.50593333
A76: 91 | B76: =B75-C75 -> 29778 | C76: {=SUM('flock performance sheet'!F633:F639+'flock performance sheet'!G633:G639)} -> 0 | D76: =C76/B76% -> 0 | E76: =E75+D76 -> 0.74 | F76: {=SUM('flock performance sheet'!J633:J639+'flock performance sheet'!K633:K639)} -> 0 | G76: =(F76/B76%)/7 -> 0 | H76: =F76/B4 -> 0 | I76: =I75+H76 -> 0.50593333
A77: 92 | B77: =B76-C76 -> 29778 | C77: {=SUM('flock performance sheet'!F640:F646+'flock performance sheet'!G640:G646)} -> 0 | D77: =C77/B77% -> 0 | E77: =E76+D77 -> 0.74 | F77: {=SUM('flock performance sheet'!J640:J646+'flock performance sheet'!K640:K646)} -> 0 | G77: =(F77/B77%)/7 -> 0 | H77: =F77/B4 -> 0 | I77: =I76+H77 -> 0.50593333
A78: 93 | B78: =B77-C77 -> 29778 | C78: {=SUM('flock performance sheet'!F647:F653+'flock performance sheet'!G647:G653)} -> 0 | D78: =C78/B78% -> 0 | E78: =E77+D78 -> 0.74 | F78: {=SUM('flock performance sheet'!J647:J653+'flock performance sheet'!K647:K653)} -> 0 | G78: =(F78/B78%)/7 -> 0 | H78: =F78/B4 -> 0 | I78: =I77+H78 -> 0.50593333
A79: 94 | B79: =B78-C78 -> 29778 | C79: {=SUM('flock performance sheet'!F654:F660+'flock performance sheet'!G654:G660)} -> 0 | D79: =C79/B79% -> 0 | E79: =E78+D79 -> 0.74 | F79: {=SUM('flock performance sheet'!J654:J660+'flock performance sheet'!K654:K660)} -> 0 | G79: =(F79/B79%)/7 -> 0 | H79: =F79/B4 -> 0 | I79: =I78+H79 -> 0.50593333
A80: 95 | B80: =B79-C79 -> 29778 | C80: {=SUM('flock performance sheet'!F661:F667+'flock performance sheet'!G661:G667)} -> 0 | D80: =C80/B80% -> 0 | E80: =E79+D80 -> 0.74 | F80: {=SUM('flock performance sheet'!J661:J667+'flock performance sheet'!K661:K667)} -> 0 | G80: =(F80/B80%)/7 -> 0 | H80: =F80/B4 -> 0 | I80: =I79+H80 -> 0.50593333
A81: 96 | B81: =B80-C80 -> 29778 | C81: {=SUM('flock performance sheet'!F668:F674+'flock performance sheet'!G668:G674)} -> 0 | D81: =C81/B81% -> 0 | E81: =E80+D81 -> 0.74 | F81: {=SUM('flock performance sheet'!J668:J674+'flock performance sheet'!K668:K674)} -> 0 | G81: =(F81/B81%)/7 -> 0 | H81: =F81/B4 -> 0 | I81: =I80+H81 -> 0.50593333
A82: 97 | B82: =B81-C81 -> 29778 | C82: {=SUM('flock performance sheet'!F675:F681+'flock performance sheet'!G675:G681)} -> 0 | D82: =C82/B82% -> 0 | E82: =E81+D82 -> 0.74 | F82: {=SUM('flock performance sheet'!J675:J681+'flock performance sheet'!K675:K681)} -> 0 | G82: =(F82/B82%)/7 -> 0 | H82: =F82/B4 -> 0 | I82: =I81+H82 -> 0.50593333
A83: 98 | B83: =B82-C82 -> 29778 | C83: {=SUM('flock performance sheet'!F682:F688+'flock performance sheet'!G682:G688)} -> 0 | D83: =C83/B83% -> 0 | E83: =E82+D83 -> 0.74 | F83: {=SUM('flock performance sheet'!J682:J688+'flock performance sheet'!K682:K688)} -> 0 | G83: =(F83/B83%)/7 -> 0 | H83: =F83/B4 -> 0 | I83: =I82+H83 -> 0.50593333
A84: 99 | B84: =B83-C83 -> 29778 | C84: {=SUM('flock performance sheet'!F689:F695+'flock performance sheet'!G689:G695)} -> 0 | D84: =C84/B84% -> 0 | E84: =E83+D84 -> 0.74 | F84: {=SUM('flock performance sheet'!J689:J695+'flock performance sheet'!K689:K695)} -> 0 | G84: =(F84/B84%)/7 -> 0 | H84: =F84/B4 -> 0 | I84: =I83+H84 -> 0.50593333
A85: 100 | B85: =B84-C84 -> 29778 | C85: {=SUM('flock performance sheet'!F696:F702+'flock performance sheet'!G696:G702)} -> 0 | D85: =C85/B85% -> 0 | E85: =E84+D85 -> 0.74 | F85: {=SUM('flock performance sheet'!J696:J702+'flock performance sheet'!K696:K702)} -> 0 | G85: =(F85/B85%)/7 -> 0 | H85: =F85/B4 -> 0 | I85: =I84+H85 -> 0.50593333
D87: HHP | E87: =I85 -> 0.50593333
D88: Cum Dep % | E88: =E85 -> 0.74

Sheet Sheet2

Sheet formula and explination
A1: FORMULA REGISTER
A2: Every formula cell in the workbook • 5,029 formulas inventoried
A3: Sheet | B3: Cell | C3: Column / Purpose | D3: Formula | E3: Current Result | F3: Explanation
A4: flock performance sheet | B4: C2 | C4: AGE OF THE BIRD | D4: =(QUOTIENT(ROW()-2,7)+1)&"."&MOD(ROW()-2,7)&" - day "&(MOD(ROW()-2,7)+1) | E4: 1.0 - day 1 | F4: Generates the bird-age week and day sequence automatically from the row number.
A5: flock performance sheet | B5: H2 | C5: BIRDS CLOSING STOCK | D5: =SUM(E2-F2-G2) | E5: 13668 | F5: Calculates closing stock as opening birds minus mortality and culls.
A6: flock performance sheet | B6: L2 | C6: ACTUAL PRODUCTION % | D6: =SUM(J2+K2)/H2*100 | E6: 91.308165 | F6: Calculates actual production percentage from eggs produced plus breakage, divided by closing bird stock.
A7: flock performance sheet | B7: N2 | C7: DIFFRENCE IN PRODUCTION | D7: =SUM(L2-M2) | E7: -1.8918349 | F7: Calculates production variance as actual production percentage minus target production.
A8: flock performance sheet | B8: O2 | C8: FEED PER BIRD | D8: =SUM(I2/H2)*1000 | E8: 118.52502 | F8: Calculates feed per bird from feed consumption and closing bird stock.
A9: flock performance sheet | B9: C3 | C9: AGE OF THE BIRD | D9: =(QUOTIENT(ROW()-2,7)+1)&"."&MOD(ROW()-2,7)&" - day "&(MOD(ROW()-2,7)+1) | E9: 1.1 - day 2 | F9: Generates the bird-age week and day sequence automatically from the row number.
A10: flock performance sheet | B10: H3 | C10: BIRDS CLOSING STOCK | D10: =SUM(E3-F3-G3) | E10: 13668 | F10: Calculates closing stock as opening birds minus mortality and culls.
A11: flock performance sheet | B11: L3 | C11: ACTUAL PRODUCTION % | D11: =SUM(J3+K3)/H3*100 | E11: 120.88821 | F11: Calculates actual production percentage from eggs produced plus breakage, divided by closing bird stock.
A12: flock performance sheet | B12: N3 | C12: DIFFRENCE IN PRODUCTION | D12: =SUM(L3-M3) | E12: 27.688206 | F12: Calculates production variance as actual production percentage minus target production.
A13: flock performance sheet | B13: O3 | C13: FEED PER BIRD | D13: =SUM(I3/H3)*1000 | E13: 82.089552 | F13: Calculates feed per bird from feed consumption and closing bird stock.
A14: flock performance sheet | B14: C4 | C14: AGE OF THE BIRD | D14: =(QUOTIENT(ROW()-2,7)+1)&"."&MOD(ROW()-2,7)&" - day "&(MOD(ROW()-2,7)+1) | E14: 1.2 - day 3 | F14: Generates the bird-age week and day sequence automatically from the row number.
A15: flock performance sheet | B15: E4 | C15: BIRDS OPENING STOCK | D15: =H3 | E15: 13668 | F15: Carries forward the previous closing bird stock as the next opening stock.
A16: flock performance sheet | B16: H4 | C16: BIRDS CLOSING STOCK | D16: =SUM(E4-F4-G4) | E16: 13658 | F16: Calculates closing stock as opening birds minus mortality and culls.
A17: flock performance sheet | B17: L4 | C17: ACTUAL PRODUCTION % | D17: =SUM(J4+K4)/H4*100 | E17: 98.879777 | F17: Calculates actual production percentage from eggs produced plus breakage, divided by closing bird stock.
A18: flock performance sheet | B18: N4 | C18: DIFFRENCE IN PRODUCTION | D18: =SUM(L4-M4) | E18: 5.6797774 | F18: Calculates production variance as actual production percentage minus target production.
A19: flock performance sheet | B19: O4 | C19: FEED PER BIRD | D19: =SUM(I4/H4)*1000 | E19: 118.6118 | F19: Calculates feed per bird from feed consumption and closing bird stock.
A20: flock performance sheet | B20: C5 | C20: AGE OF THE BIRD | D20: =(QUOTIENT(ROW()-2,7)+1)&"."&MOD(ROW()-2,7)&" - day "&(MOD(ROW()-2,7)+1) | E20: 1.3 - day 4 | F20: Generates the bird-age week and day sequence automatically from the row number.
A21: flock performance sheet | B21: E5 | C21: BIRDS OPENING STOCK | D21: =H4 | E21: 13658 | F21: Carries forward the previous closing bird stock as the next opening stock.
A22: flock performance sheet | B22: H5 | C22: BIRDS CLOSING STOCK | D22: =SUM(E5-F5-G5) | E22: 13658 | F22: Calculates closing stock as opening birds minus mortality and culls.
A23: flock performance sheet | B23: L5 | C23: ACTUAL PRODUCTION % | D23: =SUM(J5+K5)/H5*100 | E23: 0 | F23: Calculates actual production percentage from eggs produced plus breakage, divided by closing bird stock.
A24: flock performance sheet | B24: N5 | C24: DIFFRENCE IN PRODUCTION | D24: =SUM(L5-M5) | E24: -93.2 | F24: Calculates production variance as actual production percentage minus target production.
A25: flock performance sheet | B25: O5 | C25: FEED PER BIRD | D25: =SUM(I5/H5)*1000 | E25: 0 | F25: Calculates feed per bird from feed consumption and closing bird stock.
A26: flock performance sheet | B26: C6 | C26: AGE OF THE BIRD | D26: =(QUOTIENT(ROW()-2,7)+1)&"."&MOD(ROW()-2,7)&" - day "&(MOD(ROW()-2,7)+1) | E26: 1.4 - day 5 | F26: Generates the bird-age week and day sequence automatically from the row number.
A27: flock performance sheet | B27: E6 | C27: BIRDS OPENING STOCK | D27: =H5 | E27: 13658 | F27: Carries forward the previous closing bird stock as the next opening stock.
A28: flock performance sheet | B28: H6 | C28: BIRDS CLOSING STOCK | D28: =SUM(E6-F6-G6) | E28: 13658 | F28: Calculates closing stock as opening birds minus mortality and culls.
A29: flock performance sheet | B29: L6 | C29: ACTUAL PRODUCTION % | D29: =SUM(J6+K6)/H6*100 | E29: 0 | F29: Calculates actual production percentage from eggs produced plus breakage, divided by closing bird stock.
A30: flock performance sheet | B30: N6 | C30: DIFFRENCE IN PRODUCTION | D30: =SUM(L6-M6) | E30: -93.2 | F30: Calculates production variance as actual production percentage minus target production.
A31: flock performance sheet | B31: O6 | C31: FEED PER BIRD | D31: =SUM(I6/H6)*1000 | E31: 0 | F31: Calculates feed per bird from feed consumption and closing bird stock.
A32: flock performance sheet | B32: C7 | C32: AGE OF THE BIRD | D32: =(QUOTIENT(ROW()-2,7)+1)&"."&MOD(ROW()-2,7)&" - day "&(MOD(ROW()-2,7)+1) | E32: 1.5 - day 6 | F32: Generates the bird-age week and day sequence automatically from the row number.
A33: flock performance sheet | B33: E7 | C33: BIRDS OPENING STOCK | D33: =H6 | E33: 13658 | F33: Carries forward the previous closing bird stock as the next opening stock.
A34: flock performance sheet | B34: H7 | C34: BIRDS CLOSING STOCK | D34: =SUM(E7-F7-G7) | E34: 13658 | F34: Calculates closing stock as opening birds minus mortality and culls.
A35: flock performance sheet | B35: L7 | C35: ACTUAL PRODUCTION % | D35: =SUM(J7+K7)/H7*100 | E35: 0 | F35: Calculates actual production percentage from eggs produced plus breakage, divided by closing bird stock.
A36: flock performance sheet | B36: N7 | C36: DIFFRENCE IN PRODUCTION | D36: =SUM(L7-M7) | E36: -93.2 | F36: Calculates production variance as actual production percentage minus target production.
A37: flock performance sheet | B37: O7 | C37: FEED PER BIRD | D37: =SUM(I7/H7)*1000 | E37: 0 | F37: Calculates feed per bird from feed consumption and closing bird stock.
A38: flock performance sheet | B38: C8 | C38: AGE OF THE BIRD | D38: =(QUOTIENT(ROW()-2,7)+1)&"."&MOD(ROW()-2,7)&" - day "&(MOD(ROW()-2,7)+1) | E38: 1.6 - day 7 | F38: Generates the bird-age week and day sequence automatically from the row number.
A39: flock performance sheet | B39: E8 | C39: BIRDS OPENING STOCK | D39: =H7 | E39: 13658 | F39: Carries forward the previous closing bird stock as the next opening stock.
A40: flock performance sheet | B40: H8 | C40: BIRDS CLOSING STOCK | D40: =SUM(E8-F8-G8) | E40: 13658 | F40: Calculates closing stock as opening birds minus mortality and culls.
A41: flock performance sheet | B41: L8 | C41: ACTUAL PRODUCTION % | D41: =SUM(J8+K8)/H8*100 | E41: 0 | F41: Calculates actual production percentage from eggs produced plus breakage, divided by closing bird stock.
A42: flock performance sheet | B42: N8 | C42: DIFFRENCE IN PRODUCTION | D42: =SUM(L8-M8) | E42: -93.2 | F42: Calculates production variance as actual production percentage minus target production.
A43: flock performance sheet | B43: O8 | C43: FEED PER BIRD | D43: =SUM(I8/H8)*1000 | E43: 0 | F43: Calculates feed per bird from feed consumption and closing bird stock.
A44: flock performance sheet | B44: C9 | C44: AGE OF THE BIRD | D44: =(QUOTIENT(ROW()-2,7)+1)&"."&MOD(ROW()-2,7)&" - day "&(MOD(ROW()-2,7)+1) | E44: 2.0 - day 1 | F44: Generates the bird-age week and day sequence automatically from the row number.
A45: flock performance sheet | B45: E9 | C45: BIRDS OPENING STOCK | D45: =H8 | E45: 13658 | F45: Carries forward the previous closing bird stock as the next opening stock.
A46: flock performance sheet | B46: H9 | C46: BIRDS CLOSING STOCK | D46: =SUM(E9-F9-G9) | E46: 13658 | F46: Calculates closing stock as opening birds minus mortality and culls.
A47: flock performance sheet | B47: L9 | C47: ACTUAL PRODUCTION % | D47: =SUM(J9+K9)/H9*100 | E47: 0 | F47: Calculates actual production percentage from eggs produced plus breakage, divided by closing bird stock.
A48: flock performance sheet | B48: N9 | C48: DIFFRENCE IN PRODUCTION | D48: =SUM(L9-M9) | E48: -93.2 | F48: Calculates production variance as actual production percentage minus target production.
A49: flock performance sheet | B49: O9 | C49: FEED PER BIRD | D49: =SUM(I9/H9)*1000 | E49: 0 | F49: Calculates feed per bird from feed consumption and closing bird stock.
A50: flock performance sheet | B50: C10 | C50: AGE OF THE BIRD | D50: =(QUOTIENT(ROW()-2,7)+1)&"."&MOD(ROW()-2,7)&" - day "&(MOD(ROW()-2,7)+1) | E50: 2.1 - day 2 | F50: Generates the bird-age week and day sequence automatically from the row number.
A51: flock performance sheet | B51: E10 | C51: BIRDS OPENING STOCK | D51: =H9 | E51: 13658 | F51: Carries forward the previous closing bird stock as the next opening stock.
A52: flock performance sheet | B52: H10 | C52: BIRDS CLOSING STOCK | D52: =SUM(E10-F10-G10) | E52: 13658 | F52: Calculates closing stock as opening birds minus mortality and culls.
A53: flock performance sheet | B53: L10 | C53: ACTUAL PRODUCTION % | D53: =SUM(J10+K10)/H10*100 | E53: 0 | F53: Calculates actual production percentage from eggs produced plus breakage, divided by closing bird stock.
A54: flock performance sheet | B54: N10 | C54: DIFFRENCE IN PRODUCTION | D54: =SUM(L10-M10) | E54: -93.2 | F54: Calculates production variance as actual production percentage minus target production.
A55: flock performance sheet | B55: O10 | C55: FEED PER BIRD | D55: =SUM(I10/H10)*1000 | E55: 0 | F55: Calculates feed per bird from feed consumption and closing bird stock.
A56: flock performance sheet | B56: C11 | C56: AGE OF THE BIRD | D56: =(QUOTIENT(ROW()-2,7)+1)&"."&MOD(ROW()-2,7)&" - day "&(MOD(ROW()-2,7)+1) | E56: 2.2 - day 3 | F56: Generates the bird-age week and day sequence automatically from the row number.
A57: flock performance sheet | B57: E11 | C57: BIRDS OPENING STOCK | D57: =H10 | E57: 13658 | F57: Carries forward the previous closing bird stock as the next opening stock.
A58: flock performance sheet | B58: H11 | C58: BIRDS CLOSING STOCK | D58: =SUM(E11-F11-G11) | E58: 13658 | F58: Calculates closing stock as opening birds minus mortality and culls.
A59: flock performance sheet | B59: L11 | C59: ACTUAL PRODUCTION % | D59: =SUM(J11+K11)/H11*100 | E59: 0 | F59: Calculates actual production percentage from eggs produced plus breakage, divided by closing bird stock.
A60: flock performance sheet | B60: N11 | C60: DIFFRENCE IN PRODUCTION | D60: =SUM(L11-M11) | E60: -93.2 | F60: Calculates production variance as actual production percentage minus target production.
A61: flock performance sheet | B61: O11 | C61: FEED PER BIRD | D61: =SUM(I11/H11)*1000 | E61: 0 | F61: Calculates feed per bird from feed consumption and closing bird stock.
A62: flock performance sheet | B62: C12 | C62: AGE OF THE BIRD | D62: =(QUOTIENT(ROW()-2,7)+1)&"."&MOD(ROW()-2,7)&" - day "&(MOD(ROW()-2,7)+1) | E62: 2.3 - day 4 | F62: Generates the bird-age week and day sequence automatically from the row number.
A63: flock performance sheet | B63: E12 | C63: BIRDS OPENING STOCK | D63: =H11 | E63: 13658 | F63: Carries forward the previous closing bird stock as the next opening stock.
A64: flock performance sheet | B64: H12 | C64: BIRDS CLOSING STOCK | D64: =SUM(E12-F12-G12) | E64: 13658 | F64: Calculates closing stock as opening birds minus mortality and culls.
A65: flock performance sheet | B65: L12 | C65: ACTUAL PRODUCTION % | D65: =SUM(J12+K12)/H12*100 | E65: 0 | F65: Calculates actual production percentage from eggs produced plus breakage, divided by closing bird stock.
A66: flock performance sheet | B66: N12 | C66: DIFFRENCE IN PRODUCTION | D66: =SUM(L12-M12) | E66: -93.2 | F66: Calculates production variance as actual production percentage minus target production.
A67: flock performance sheet | B67: O12 | C67: FEED PER BIRD | D67: =SUM(I12/H12)*1000 | E67: 0 | F67: Calculates feed per bird from feed consumption and closing bird stock.
A68: flock performance sheet | B68: C13 | C68: AGE OF THE BIRD | D68: =(QUOTIENT(ROW()-2,7)+1)&"."&MOD(ROW()-2,7)&" - day "&(MOD(ROW()-2,7)+1) | E68: 2.4 - day 5 | F68: Generates the bird-age week and day sequence automatically from the row number.
A69: flock performance sheet | B69: E13 | C69: BIRDS OPENING STOCK | D69: =H12 | E69: 13658 | F69: Carries forward the previous closing bird stock as the next opening stock.
A70: flock performance sheet | B70: H13 | C70: BIRDS CLOSING STOCK | D70: =SUM(E13-F13-G13) | E70: 13658 | F70: Calculates closing stock as opening birds minus mortality and culls.
A71: flock performance sheet | B71: L13 | C71: ACTUAL PRODUCTION % | D71: =SUM(J13+K13)/H13*100 | E71: 0 | F71: Calculates actual production percentage from eggs produced plus breakage, divided by closing bird stock.
A72: flock performance sheet | B72: N13 | C72: DIFFRENCE IN PRODUCTION | D72: =SUM(L13-M13) | E72: -93.2 | F72: Calculates production variance as actual production percentage minus target production.
A73: flock performance sheet | B73: O13 | C73: FEED PER BIRD | D73: =SUM(I13/H13)*1000 | E73: 0 | F73: Calculates feed per bird from feed consumption and closing bird stock.
A74: flock performance sheet | B74: C14 | C74: AGE OF THE BIRD | D74: =(QUOTIENT(ROW()-2,7)+1)&"."&MOD(ROW()-2,7)&" - day "&(MOD(ROW()-2,7)+1) | E74: 2.5 - day 6 | F74: Generates the bird-age week and day sequence automatically from the row number.
A75: flock performance sheet | B75: E14 | C75: BIRDS OPENING STOCK | D75: =H13 | E75: 13658 | F75: Carries forward the previous closing bird stock as the next opening stock.
A76: flock performance sheet | B76: H14 | C76: BIRDS CLOSING STOCK | D76: =SUM(E14-F14-G14) | E76: 13658 | F76: Calculates closing stock as opening birds minus mortality and culls.
A77: flock performance sheet | B77: L14 | C77: ACTUAL PRODUCTION % | D77: =SUM(J14+K14)/H14*100 | E77: 0 | F77: Calculates actual production percentage from eggs produced plus breakage, divided by closing bird stock.
A78: flock performance sheet | B78: N14 | C78: DIFFRENCE IN PRODUCTION | D78: =SUM(L14-M14) | E78: -93.2 | F78: Calculates production variance as actual production percentage minus target production.
A79: flock performance sheet | B79: O14 | C79: FEED PER BIRD | D79: =SUM(I14/H14)*1000 | E79: 0 | F79: Calculates feed per bird from feed consumption and closing bird stock.
A80: flock performance sheet | B80: C15 | C80: AGE OF THE BIRD | D80: =(QUOTIENT(ROW()-2,7)+1)&"."&MOD(ROW()-2,7)&" - day "&(MOD(ROW()-2,7)+1) | E80: 2.6 - day 7 | F80: Generates the bird-age week and day sequence automatically from the row number.
A81: flock performance sheet | B81: E15 | C81: BIRDS OPENING STOCK | D81: =H14 | E81: 13658 | F81: Carries forward the previous closing bird stock as the next opening stock.
A82: flock performance sheet | B82: H15 | C82: BIRDS CLOSING STOCK | D82: =SUM(E15-F15-G15) | E82: 13658 | F82: Calculates closing stock as opening birds minus mortality and culls.
A83: flock performance sheet | B83: L15 | C83: ACTUAL PRODUCTION % | D83: =SUM(J15+K15)/H15*100 | E83: 0 | F83: Calculates actual production percentage from eggs produced plus breakage, divided by closing bird stock.
A84: flock performance sheet | B84: N15 | C84: DIFFRENCE IN PRODUCTION | D84: =SUM(L15-M15) | E84: -93.2 | F84: Calculates production variance as actual production percentage minus target production.
A85: flock performance sheet | B85: O15 | C85: FEED PER BIRD | D85: =SUM(I15/H15)*1000 | E85: 0 | F85: Calculates feed per bird from feed consumption and closing bird stock.
A86: flock performance sheet | B86: C16 | C86: AGE OF THE BIRD | D86: =(QUOTIENT(ROW()-2,7)+1)&"."&MOD(ROW()-2,7)&" - day "&(MOD(ROW()-2,7)+1) | E86: 3.0 - day 1 | F86: Generates the bird-age week and day sequence automatically from the row number.
A87: flock performance sheet | B87: E16 | C87: BIRDS OPENING STOCK | D87: =H15 | E87: 13658 | F87: Carries forward the previous closing bird stock as the next opening stock.
A88: flock performance sheet | B88: H16 | C88: BIRDS CLOSING STOCK | D88: =SUM(E16-F16-G16) | E88: 13658 | F88: Calculates closing stock as opening birds minus mortality and culls.
A89: flock performance sheet | B89: L16 | C89: ACTUAL PRODUCTION % | D89: =SUM(J16+K16)/H16*100 | E89: 0 | F89: Calculates actual production percentage from eggs produced plus breakage, divided by closing bird stock.
A90: flock performance sheet | B90: N16 | C90: DIFFRENCE IN PRODUCTION | D90: =SUM(L16-M16) | E90: -93.2 | F90: Calculates production variance as actual production percentage minus target production.
A91: flock performance sheet | B91: O16 | C91: FEED PER BIRD | D91: =SUM(I16/H16)*1000 | E91: 0 | F91: Calculates feed per bird from feed consumption and closing bird stock.
A92: flock performance sheet | B92: C17 | C92: AGE OF THE BIRD | D92: =(QUOTIENT(ROW()-2,7)+1)&"."&MOD(ROW()-2,7)&" - day "&(MOD(ROW()-2,7)+1) | E92: 3.1 - day 2 | F92: Generates the bird-age week and day sequence automatically from the row number.
A93: flock performance sheet | B93: E17 | C93: BIRDS OPENING STOCK | D93: =H16 | E93: 13658 | F93: Carries forward the previous closing bird stock as the next opening stock.
A94: flock performance sheet | B94: H17 | C94: BIRDS CLOSING STOCK | D94: =SUM(E17-F17-G17) | E94: 13658 | F94: Calculates closing stock as opening birds minus mortality and culls.
A95: flock performance sheet | B95: L17 | C95: ACTUAL PRODUCTION % | D95: =SUM(J17+K17)/H17*100 | E95: 0 | F95: Calculates actual production percentage from eggs produced plus breakage, divided by closing bird stock.
A96: flock performance sheet | B96: N17 | C96: DIFFRENCE IN PRODUCTION | D96: =SUM(L17-M17) | E96: -93.2 | F96: Calculates production variance as actual production percentage minus target production.
A97: flock performance sheet | B97: O17 | C97: FEED PER BIRD | D97: =SUM(I17/H17)*1000 | E97: 0 | F97: Calculates feed per bird from feed consumption and closing bird stock.
A98: flock performance sheet | B98: C18 | C98: AGE OF THE BIRD | D98: =(QUOTIENT(ROW()-2,7)+1)&"."&MOD(ROW()-2,7)&" - day "&(MOD(ROW()-2,7)+1) | E98: 3.2 - day 3 | F98: Generates the bird-age week and day sequence automatically from the row number.
A99: flock performance sheet | B99: E18 | C99: BIRDS OPENING STOCK | D99: =H17 | E99: 13658 | F99: Carries forward the previous closing bird stock as the next opening stock.
A100: flock performance sheet | B100: H18 | C100: BIRDS CLOSING STOCK | D100: =SUM(E18-F18-G18) | E100: 13658 | F100: Calculates closing stock as opening birds minus mortality and culls.
...
